sentence1	sentence2	gold_label
The potter is happy.	The potter is delighted	contradiction
The species is unusual.	The species is rare	contradiction
The species is rare	The species is unusual.	entailment
The thought is frightening	The thought is scary.	entailment
The city is lively.	The city is vivacious	contradiction
The city is vivacious	The city is lively.	entailment
The market is lively.	The market is vivacious	contradiction
The market is vivacious	The market is lively.	entailment
The country is capable.	The country is skilled	contradiction
The country is skilled	The country is capable.	entailment
The development is positive.	The development is terrific	contradiction
The park is lovely	The park is nice.	entailment
The kid is wise.	The kid is sagacious	contradiction
The kid is sagacious	The kid is wise.	entailment
The director is gutted	The director is disappointed.	entailment
The reason is plenty.	The reason is abundant	contradiction
The reason is abundant	The reason is plenty.	entailment
The proof is abundant	The proof is plenty.	entailment
The process is valuable.	The process is priceless	contradiction
The process is priceless	The process is valuable.	entailment
The difference is annoying.	The difference is obnoxious	contradiction
The difference is obnoxious	The difference is annoying.	entailment
The earth is dirty.	The earth is filthy	contradiction
The earth is filthy	The earth is dirty.	entailment
The law is clear.	The law is exact	contradiction
The law is exact	The law is clear.	entailment
The quantity is plenty.	The quantity is abundant	contradiction
The quantity is abundant	The quantity is plenty.	entailment
The brochure is expensive.	The brochure is exorbitant	contradiction
The brochure is exorbitant	The brochure is expensive.	entailment
The villa is valuable.	The villa is priceless	contradiction
The villa is priceless	The villa is valuable.	entailment
The dream is dangerous.	The dream is risky	contradiction
The market is crowded.	The market is packed	contradiction
The market is packed	The market is crowded.	entailment
The couple is happy.	The couple is delighted	contradiction
The couple is delighted	The couple is happy.	entailment
The coast is clear.	The coast is exact	contradiction
The coast is exact	The coast is clear.	entailment
The sea is tired.	The sea is exhausted	contradiction
The sea is exhausted	The sea is tired.	entailment
The truth is crazy.	The truth is insane	contradiction
The evidence is surprising.	The evidence is astounding	contradiction
The evidence is astounding	The evidence is surprising.	entailment
The story is scary.	The story is frightening	contradiction
The rain is awful.	The rain is dreadful	contradiction
The rain is dreadful	The rain is awful.	entailment
The ad is obnoxious	The ad is annoying.	entailment
The workplace is dangerous.	The workplace is risky	contradiction
The workplace is risky	The workplace is dangerous.	entailment
The future is sad.	The future is miserable	contradiction
The future is miserable	The future is sad.	entailment
The engine is optimum	The engine is efficient.	entailment
The song is unpleasant.	The song is disgusting	contradiction
The song is disgusting	The song is unpleasant.	entailment
The smith is priceless	The smith is valuable.	entailment
The game is annoying.	The game is obnoxious	contradiction
The doctor is wise.	The doctor is sagacious	contradiction
The problem is awful.	The problem is dreadful	contradiction
The frequency is odd.	The frequency is bizarre	contradiction
The frequency is bizarre	The frequency is odd.	entailment
The path is exact	The path is clear.	entailment
The research is priceless	The research is valuable.	entailment
The place is crowded.	The place is packed	contradiction
The ending is appropriate.	The ending is perfect	contradiction
The ending is perfect	The ending is appropriate.	entailment
The return is surprising.	The return is astounding	contradiction
The return is astounding	The return is surprising.	entailment
The sun is tired.	The sun is exhausted	contradiction
The guy is crazy.	The guy is insane	contradiction
The guy is insane	The guy is crazy.	entailment
The space is valuable.	The space is priceless	contradiction
The space is priceless	The space is valuable.	entailment
The housing is indigent	The housing is poor.	entailment
The sound is disgusting	The sound is unpleasant.	entailment
The history is long.	The history is endless	contradiction
The history is endless	The history is long.	entailment
The tune is appropriate.	The tune is perfect	contradiction
The tune is perfect	The tune is appropriate.	entailment
The queen is happy.	The queen is delighted	contradiction
The pub is packed	The pub is crowded.	entailment
The audience is disappointed.	The audience is frustrated	contradiction
The audience is frustrated	The audience is disappointed.	entailment
The wine is tasty.	The wine is delicious	contradiction
The wine is delicious	The wine is tasty.	entailment
The neighborhood is cute.	The neighborhood is gorgeous	contradiction
The mayor is capable.	The mayor is skilled	contradiction
The mayor is skilled	The mayor is capable.	entailment
The reality is scary.	The reality is frightening	contradiction
The reality is frightening	The reality is scary.	entailment
The idea is scary.	The idea is frightening	contradiction
The idea is frightening	The idea is scary.	entailment
The president is wise.	The president is sagacious	contradiction
The president is sagacious	The president is wise.	entailment
The weather is awful.	The weather is dreadful	contradiction
The weather is dreadful	The weather is awful.	entailment
The military is weak.	The military is feeble	contradiction
The military is feeble	The military is weak.	entailment
The price is dreadful	The price is awful.	entailment
The weather is wet.	The weather is soaking	contradiction
The weather is soaking	The weather is wet.	entailment
The market is hot.	The market is boiling	contradiction
The market is boiling	The market is hot.	entailment
The ending is surprising.	The ending is astounding	contradiction
The ending is astounding	The ending is surprising.	entailment
The ceiling is limited	The ceiling is low.	entailment
The pottery is feeble	The pottery is weak.	entailment
The public is disappointed.	The public is gutted	contradiction
The public is gutted	The public is disappointed.	entailment
The name is brilliant	The name is clever.	entailment
The grass is wet.	The grass is soaking	contradiction
The grass is soaking	The grass is wet.	entailment
The job is scary.	The job is frightening	contradiction
The job is frightening	The job is scary.	entailment
The yard is dirty.	The yard is filthy	contradiction
The tune is annoying.	The tune is obnoxious	contradiction
The tune is obnoxious	The tune is annoying.	entailment
The atmosphere is dangerous.	The atmosphere is risky	contradiction
The atmosphere is risky	The atmosphere is dangerous.	entailment
The villa is poor.	The villa is indigent	contradiction
The treatment is unusual.	The treatment is rare	contradiction
The treatment is rare	The treatment is unusual.	entailment
The military is optimum	The military is efficient.	entailment
The title is funny.	The title is hilarious	contradiction
The sex is awful.	The sex is dreadful	contradiction
The hardcover is expensive.	The hardcover is exorbitant	contradiction
The hardcover is exorbitant	The hardcover is expensive.	entailment
The smith is poor.	The smith is indigent	contradiction
The smith is indigent	The smith is poor.	entailment
The duke is angry.	The duke is furious	contradiction
The duke is furious	The duke is angry.	entailment
The music is appropriate.	The music is perfect	contradiction
The music is perfect	The music is appropriate.	entailment
The return is positive.	The return is terrific	contradiction
The return is terrific	The return is positive.	entailment
The reason is clear.	The reason is exact	contradiction
The world is hot.	The world is boiling	contradiction
The world is boiling	The world is hot.	entailment
The song is sad.	The song is miserable	contradiction
The song is miserable	The song is sad.	entailment
The industry is crazy.	The industry is insane	contradiction
The industry is insane	The industry is crazy.	entailment
The fit is bizarre	The fit is odd.	entailment
The handbook is valuable.	The handbook is priceless	contradiction
The method is unusual.	The method is rare	contradiction
The method is rare	The method is unusual.	entailment
The alternative is sad.	The alternative is miserable	contradiction
The alternative is miserable	The alternative is sad.	entailment
The manager is happy.	The manager is delighted	contradiction
The game is brilliant	The game is clever.	entailment
The tone is scary.	The tone is frightening	contradiction
The scene is bleak.	The scene is desperate	contradiction
The scene is desperate	The scene is bleak.	entailment
The band is cute.	The band is gorgeous	contradiction
The neighborhood is dangerous.	The neighborhood is risky	contradiction
The neighborhood is risky	The neighborhood is dangerous.	entailment
The governor is disappointed.	The governor is frustrated	contradiction
The governor is frustrated	The governor is disappointed.	entailment
The show is sad.	The show is miserable	contradiction
The show is miserable	The show is sad.	entailment
The direction is positive.	The direction is terrific	contradiction
The direction is terrific	The direction is positive.	entailment
The wikipedia is clear.	The wikipedia is exact	contradiction
The wikipedia is exact	The wikipedia is clear.	entailment
The physician is wise.	The physician is sagacious	contradiction
The place is nice.	The place is lovely	contradiction
The place is lovely	The place is nice.	entailment
The administration is disappointed.	The administration is gutted	contradiction
The administration is gutted	The administration is disappointed.	entailment
The dna is positive.	The dna is terrific	contradiction
The dna is terrific	The dna is positive.	entailment
The internet is crazy.	The internet is insane	contradiction
The internet is insane	The internet is crazy.	entailment
The base is low.	The base is limited	contradiction
The base is limited	The base is low.	entailment
The euro is weak.	The euro is feeble	contradiction
The euro is feeble	The euro is weak.	entailment
The lounge is lively.	The lounge is vivacious	contradiction
The lounge is vivacious	The lounge is lively.	entailment
The ipod is capable.	The ipod is skilled	contradiction
The ipod is skilled	The ipod is capable.	entailment
The staff is frustrated	The staff is disappointed.	entailment
The situation is formidable	The situation is tough.	entailment
The supply is plenty.	The supply is abundant	contradiction
The supply is abundant	The supply is plenty.	entailment
The room is lively.	The room is vivacious	contradiction
The customer is disappointed.	The customer is frustrated	contradiction
The customer is frustrated	The customer is disappointed.	entailment
The glass is filthy	The glass is dirty.	entailment
The forecast is poor.	The forecast is indigent	contradiction
The forecast is indigent	The forecast is poor.	entailment
The water is low.	The water is limited	contradiction
The smith is disappointed.	The smith is frustrated	contradiction
The smith is frustrated	The smith is disappointed.	entailment
The situation is dangerous.	The situation is risky	contradiction
The situation is risky	The situation is dangerous.	entailment
The fruit is unpleasant.	The fruit is disgusting	contradiction
The fruit is disgusting	The fruit is unpleasant.	entailment
The tea is tasty.	The tea is delicious	contradiction
The tea is delicious	The tea is tasty.	entailment
The weather is nice.	The weather is lovely	contradiction
The weather is lovely	The weather is nice.	entailment
The result is unpleasant.	The result is disgusting	contradiction
The result is disgusting	The result is unpleasant.	entailment
The landscape is awful.	The landscape is dreadful	contradiction
The earth is hungry.	The earth is starving	contradiction
The earth is starving	The earth is hungry.	entailment
The land is plenty.	The land is abundant	contradiction
The land is abundant	The land is plenty.	entailment
The sound is scary.	The sound is frightening	contradiction
The sound is frightening	The sound is scary.	entailment
The grove is valuable.	The grove is priceless	contradiction
The grove is priceless	The grove is valuable.	entailment
The truth is priceless	The truth is valuable.	entailment
The lesson is clear.	The lesson is exact	contradiction
The lesson is exact	The lesson is clear.	entailment
The cat is happy.	The cat is delighted	contradiction
The fan is disappointed.	The fan is gutted	contradiction
The fan is gutted	The fan is disappointed.	entailment
The situation is unusual.	The situation is rare	contradiction
The situation is rare	The situation is unusual.	entailment
The landscape is formidable	The landscape is tough.	entailment
The mike is annoying.	The mike is obnoxious	contradiction
The mike is obnoxious	The mike is annoying.	entailment
The force is capable.	The force is skilled	contradiction
The force is skilled	The force is capable.	entailment
The other is funny.	The other is hilarious	contradiction
The other is hilarious	The other is funny.	entailment
The public is capable.	The public is skilled	contradiction
The public is skilled	The public is capable.	entailment
The purpose is clear.	The purpose is exact	contradiction
The purpose is exact	The purpose is clear.	entailment
The classroom is crowded.	The classroom is packed	contradiction
The classroom is packed	The classroom is crowded.	entailment
The result is annoying.	The result is obnoxious	contradiction
The result is obnoxious	The result is annoying.	entailment
The preparation is tasty.	The preparation is delicious	contradiction
The affect is unpleasant.	The affect is disgusting	contradiction
The affect is disgusting	The affect is unpleasant.	entailment
The president is angry.	The president is furious	contradiction
The president is furious	The president is angry.	entailment
The ending is odd.	The ending is bizarre	contradiction
The ending is bizarre	The ending is odd.	entailment
The bibliography is long.	The bibliography is endless	contradiction
The bibliography is endless	The bibliography is long.	entailment
The smith is hungry.	The smith is starving	contradiction
The hall is crowded.	The hall is packed	contradiction
The hall is packed	The hall is crowded.	entailment
The principle is clear.	The principle is exact	contradiction
The principle is exact	The principle is clear.	entailment
The idea is cute.	The idea is gorgeous	contradiction
The idea is gorgeous	The idea is cute.	entailment
The saying is funny.	The saying is hilarious	contradiction
The saying is hilarious	The saying is funny.	entailment
The apple is delicious	The apple is tasty.	entailment
The echo is annoying.	The echo is obnoxious	contradiction
The echo is obnoxious	The echo is annoying.	entailment
The combination is surprising.	The combination is astounding	contradiction
The jimmy is low.	The jimmy is limited	contradiction
The jimmy is limited	The jimmy is low.	entailment
The community is disappointed.	The community is gutted	contradiction
The community is gutted	The community is disappointed.	entailment
The sky is filthy	The sky is dirty.	entailment
The place is crazy.	The place is insane	contradiction
The place is insane	The place is crazy.	entailment
The truth is dangerous.	The truth is risky	contradiction
The truth is risky	The truth is dangerous.	entailment
The extent is surprising.	The extent is astounding	contradiction
The extent is astounding	The extent is surprising.	entailment
The pottery is poor.	The pottery is indigent	contradiction
The pottery is indigent	The pottery is poor.	entailment
The potter is poor.	The potter is indigent	contradiction
The potter is indigent	The potter is poor.	entailment
The potter is efficient.	The potter is optimum	contradiction
The reality is unpleasant.	The reality is disgusting	contradiction
The reality is disgusting	The reality is unpleasant.	entailment
The truth is miserable	The truth is sad.	entailment
The reaction is positive.	The reaction is terrific	contradiction
The reaction is terrific	The reaction is positive.	entailment
The community is angry.	The community is furious	contradiction
The phrase is clever.	The phrase is brilliant	contradiction
The detail is plenty.	The detail is abundant	contradiction
The detail is abundant	The detail is plenty.	entailment
The concrete is wet.	The concrete is soaking	contradiction
The concrete is soaking	The concrete is wet.	entailment
The water is plenty.	The water is abundant	contradiction
The water is abundant	The water is plenty.	entailment
The problem is clear.	The problem is exact	contradiction
The world is frustrated	The world is disappointed.	entailment
The economy is poor.	The economy is indigent	contradiction
The economy is indigent	The economy is poor.	entailment
The economy is efficient.	The economy is optimum	contradiction
The potter is disappointed.	The potter is frustrated	contradiction
The metro is crowded.	The metro is packed	contradiction
The metro is packed	The metro is crowded.	entailment
The medication is expensive.	The medication is exorbitant	contradiction
The medication is exorbitant	The medication is expensive.	entailment
The trend is bleak.	The trend is desperate	contradiction
The trend is desperate	The trend is bleak.	entailment
The conclusion is disgusting	The conclusion is unpleasant.	entailment
The dream is scary.	The dream is frightening	contradiction
The dream is frightening	The dream is scary.	entailment
The chicken is hungry.	The chicken is starving	contradiction
The chicken is starving	The chicken is hungry.	entailment
The mall is packed	The mall is crowded.	entailment
The laser is efficient.	The laser is optimum	contradiction
The laser is optimum	The laser is efficient.	entailment
The alexander is angry.	The alexander is furious	contradiction
The alexander is furious	The alexander is angry.	entailment
The asset is valuable.	The asset is priceless	contradiction
The work is valuable.	The work is priceless	contradiction
The work is priceless	The work is valuable.	entailment
The boss is disappointed.	The boss is frustrated	contradiction
The boss is frustrated	The boss is disappointed.	entailment
The product is tasty.	The product is delicious	contradiction
The noise is annoying.	The noise is obnoxious	contradiction
The noise is obnoxious	The noise is annoying.	entailment
The beach is vivacious	The beach is lively.	entailment
The web is funny.	The web is hilarious	contradiction
The web is hilarious	The web is funny.	entailment
The place is scary.	The place is frightening	contradiction
The place is frightening	The place is scary.	entailment
The kitchen is efficient.	The kitchen is optimum	contradiction
The kitchen is optimum	The kitchen is efficient.	entailment
The vista is clear.	The vista is exact	contradiction
The vista is exact	The vista is clear.	entailment
The sound is annoying.	The sound is obnoxious	contradiction
The sound is obnoxious	The sound is annoying.	entailment
The other is annoying.	The other is obnoxious	contradiction
The other is obnoxious	The other is annoying.	entailment
The reed is cute.	The reed is gorgeous	contradiction
The reed is gorgeous	The reed is cute.	entailment
The reality is tough.	The reality is formidable	contradiction
The reality is formidable	The reality is tough.	entailment
The dvd is funny.	The dvd is hilarious	contradiction
The dvd is hilarious	The dvd is funny.	entailment
The situation is frightening	The situation is scary.	entailment
The recipe is tasty.	The recipe is delicious	contradiction
The recipe is delicious	The recipe is tasty.	entailment
The packaging is appropriate.	The packaging is perfect	contradiction
The packaging is perfect	The packaging is appropriate.	entailment
The concept is scary.	The concept is frightening	contradiction
The concept is frightening	The concept is scary.	entailment
The manner is perfect	The manner is appropriate.	entailment
The air is hot.	The air is boiling	contradiction
The air is boiling	The air is hot.	entailment
The chief is angry.	The chief is furious	contradiction
The chief is furious	The chief is angry.	entailment
The term is unusual.	The term is rare	contradiction
The result is appropriate.	The result is perfect	contradiction
The result is perfect	The result is appropriate.	entailment
The tone is terrific	The tone is positive.	entailment
The duke is hungry.	The duke is starving	contradiction
The duke is starving	The duke is hungry.	entailment
The play is funny.	The play is hilarious	contradiction
The play is hilarious	The play is funny.	entailment
The movie is scary.	The movie is frightening	contradiction
The movie is frightening	The movie is scary.	entailment
The market is desperate	The market is bleak.	entailment
The tone is perfect	The tone is appropriate.	entailment
The bar is packed	The bar is crowded.	entailment
The humor is bleak.	The humor is desperate	contradiction
The humor is desperate	The humor is bleak.	entailment
The military is exorbitant	The military is expensive.	entailment
The moral is clear.	The moral is exact	contradiction
The mayor is angry.	The mayor is furious	contradiction
The mayor is furious	The mayor is angry.	entailment
The processor is optimum	The processor is efficient.	entailment
The jimmy is angry.	The jimmy is furious	contradiction
The jimmy is furious	The jimmy is angry.	entailment
The thing is funny.	The thing is hilarious	contradiction
The thing is hilarious	The thing is funny.	entailment
The focus is appropriate.	The focus is perfect	contradiction
The focus is perfect	The focus is appropriate.	entailment
The parallel is odd.	The parallel is bizarre	contradiction
The parallel is bizarre	The parallel is odd.	entailment
The camcorder is expensive.	The camcorder is exorbitant	contradiction
The atmosphere is unpleasant.	The atmosphere is disgusting	contradiction
The atmosphere is disgusting	The atmosphere is unpleasant.	entailment
The context is valuable.	The context is priceless	contradiction
The variety is tasty.	The variety is delicious	contradiction
The gas is boiling	The gas is hot.	entailment
The truth is awful.	The truth is dreadful	contradiction
The outlook is weak.	The outlook is feeble	contradiction
The christmas is scary.	The christmas is frightening	contradiction
The christmas is frightening	The christmas is scary.	entailment
The theatre is lively.	The theatre is vivacious	contradiction
The theatre is vivacious	The theatre is lively.	entailment
The history is plenty.	The history is abundant	contradiction
The history is abundant	The history is plenty.	entailment
The mind is efficient.	The mind is optimum	contradiction
The mind is optimum	The mind is efficient.	entailment
The marketplace is lively.	The marketplace is vivacious	contradiction
The timing is odd.	The timing is bizarre	contradiction
The timing is bizarre	The timing is odd.	entailment
The machine is optimum	The machine is efficient.	entailment
The music is awful.	The music is dreadful	contradiction
The music is dreadful	The music is awful.	entailment
The mood is sad.	The mood is miserable	contradiction
The shop is vivacious	The shop is lively.	entailment
The villa is exorbitant	The villa is expensive.	entailment
The mind is clever.	The mind is brilliant	contradiction
The mind is brilliant	The mind is clever.	entailment
The fan is annoying.	The fan is obnoxious	contradiction
The fan is obnoxious	The fan is annoying.	entailment
The dialogue is funny.	The dialogue is hilarious	contradiction
The dialogue is hilarious	The dialogue is funny.	entailment
The logic is odd.	The logic is bizarre	contradiction
The logic is bizarre	The logic is odd.	entailment
The yield is positive.	The yield is terrific	contradiction
The government is disappointed.	The government is frustrated	contradiction
The government is frustrated	The government is disappointed.	entailment
The process is dangerous.	The process is risky	contradiction
The process is risky	The process is dangerous.	entailment
The choice is clear.	The choice is exact	contradiction
The choice is exact	The choice is clear.	entailment
The team is skilled	The team is capable.	entailment
The rating is terrific	The rating is positive.	entailment
The cold is awful.	The cold is dreadful	contradiction
The cold is dreadful	The cold is awful.	entailment
The president is capable.	The president is skilled	contradiction
The president is skilled	The president is capable.	entailment
The man is dangerous.	The man is risky	contradiction
The guy is funny.	The guy is hilarious	contradiction
The guy is hilarious	The guy is funny.	entailment
The iron is hot.	The iron is boiling	contradiction
The iron is boiling	The iron is hot.	entailment
The ground is dirty.	The ground is filthy	contradiction
The ground is filthy	The ground is dirty.	entailment
The assessment is bleak.	The assessment is desperate	contradiction
The assessment is desperate	The assessment is bleak.	entailment
The effect is positive.	The effect is terrific	contradiction
The effect is terrific	The effect is positive.	entailment
The ringtone is annoying.	The ringtone is obnoxious	contradiction
The ringtone is obnoxious	The ringtone is annoying.	entailment
The place is bleak.	The place is desperate	contradiction
The place is desperate	The place is bleak.	entailment
The greek is odd.	The greek is bizarre	contradiction
The greek is bizarre	The greek is odd.	entailment
The kid is clever.	The kid is brilliant	contradiction
The kid is brilliant	The kid is clever.	entailment
The evidence is plenty.	The evidence is abundant	contradiction
The evidence is abundant	The evidence is plenty.	entailment
The jewellery is expensive.	The jewellery is exorbitant	contradiction
The jewellery is exorbitant	The jewellery is expensive.	entailment
The miller is happy.	The miller is delighted	contradiction
The miller is delighted	The miller is happy.	entailment
The emphasis is appropriate.	The emphasis is perfect	contradiction
The emphasis is perfect	The emphasis is appropriate.	entailment
The distance is plenty.	The distance is abundant	contradiction
The timing is perfect	The timing is appropriate.	entailment
The noise is awful.	The noise is dreadful	contradiction
The noise is dreadful	The noise is awful.	entailment
The bathroom is dirty.	The bathroom is filthy	contradiction
The bathroom is filthy	The bathroom is dirty.	entailment
The village is lively.	The village is vivacious	contradiction
The village is vivacious	The village is lively.	entailment
The ending is awful.	The ending is dreadful	contradiction
The ending is dreadful	The ending is awful.	entailment
The signal is weak.	The signal is feeble	contradiction
The signal is feeble	The signal is weak.	entailment
The rap is funny.	The rap is hilarious	contradiction
The rap is hilarious	The rap is funny.	entailment
The roulette is dirty.	The roulette is filthy	contradiction
The roulette is filthy	The roulette is dirty.	entailment
The economy is bleak.	The economy is desperate	contradiction
The economy is desperate	The economy is bleak.	entailment
The complexity is surprising.	The complexity is astounding	contradiction
The complexity is astounding	The complexity is surprising.	entailment
The soup is hot.	The soup is boiling	contradiction
The soup is boiling	The soup is hot.	entailment
The thompson is positive.	The thompson is terrific	contradiction
The thompson is terrific	The thompson is positive.	entailment
The team is gutted	The team is disappointed.	entailment
The evaluation is positive.	The evaluation is terrific	contradiction
The evaluation is terrific	The evaluation is positive.	entailment
The taste is unpleasant.	The taste is disgusting	contradiction
The noise is unpleasant.	The noise is disgusting	contradiction
The noise is disgusting	The noise is unpleasant.	entailment
The kid is annoying.	The kid is obnoxious	contradiction
The kid is obnoxious	The kid is annoying.	entailment
The villa is nice.	The villa is lovely	contradiction
The villa is lovely	The villa is nice.	entailment
The boss is happy.	The boss is delighted	contradiction
The boss is delighted	The boss is happy.	entailment
The film is scary.	The film is frightening	contradiction
The film is frightening	The film is scary.	entailment
The ipod is sad.	The ipod is miserable	contradiction
The teacher is happy.	The teacher is delighted	contradiction
The teacher is delighted	The teacher is happy.	entailment
The name is odd.	The name is bizarre	contradiction
The name is bizarre	The name is odd.	entailment
The lounge is packed	The lounge is crowded.	entailment
The company is efficient.	The company is optimum	contradiction
The company is optimum	The company is efficient.	entailment
The villa is low.	The villa is limited	contradiction
The villa is limited	The villa is low.	entailment
The thing is frightening	The thing is scary.	entailment
The film is awful.	The film is dreadful	contradiction
The film is dreadful	The film is awful.	entailment
The region is poor.	The region is indigent	contradiction
The region is indigent	The region is poor.	entailment
The world is odd.	The world is bizarre	contradiction
The world is bizarre	The world is odd.	entailment
The sky is bleak.	The sky is desperate	contradiction
The hotel is expensive.	The hotel is exorbitant	contradiction
The hotel is exorbitant	The hotel is expensive.	entailment
The doll is cute.	The doll is gorgeous	contradiction
The story is unusual.	The story is rare	contradiction
The story is rare	The story is unusual.	entailment
The farmer is disappointed.	The farmer is frustrated	contradiction
The context is appropriate.	The context is perfect	contradiction
The context is perfect	The context is appropriate.	entailment
The outlook is indigent	The outlook is poor.	entailment
The reality is astounding	The reality is surprising.	entailment
The warehouse is crowded.	The warehouse is packed	contradiction
The warehouse is packed	The warehouse is crowded.	entailment
The show is hilarious	The show is funny.	entailment
The universe is hungry.	The universe is starving	contradiction
The universe is starving	The universe is hungry.	entailment
The medicine is exorbitant	The medicine is expensive.	entailment
The oracle is clear.	The oracle is exact	contradiction
The oracle is exact	The oracle is clear.	entailment
The story is disgusting	The story is unpleasant.	entailment
The result is unusual.	The result is rare	contradiction
The result is rare	The result is unusual.	entailment
The press is hungry.	The press is starving	contradiction
The press is starving	The press is hungry.	entailment
The orgy is crowded.	The orgy is packed	contradiction
The orgy is packed	The orgy is crowded.	entailment
The situation is unpleasant.	The situation is disgusting	contradiction
The situation is disgusting	The situation is unpleasant.	entailment
The attention is annoying.	The attention is obnoxious	contradiction
The attention is obnoxious	The attention is annoying.	entailment
The villa is happy.	The villa is delighted	contradiction
The villa is delighted	The villa is happy.	entailment
The ringtone is funny.	The ringtone is hilarious	contradiction
The ringtone is hilarious	The ringtone is funny.	entailment
The president is disappointed.	The president is frustrated	contradiction
The president is frustrated	The president is disappointed.	entailment
The man is capable.	The man is skilled	contradiction
The procedure is rare	The procedure is unusual.	entailment
The manager is disappointed.	The manager is frustrated	contradiction
The memorabilia is valuable.	The memorabilia is priceless	contradiction
The memorabilia is priceless	The memorabilia is valuable.	entailment
The company is valuable.	The company is priceless	contradiction
The scale is odd.	The scale is bizarre	contradiction
The reed is long.	The reed is endless	contradiction
The reed is endless	The reed is long.	entailment
The noise is scary.	The noise is frightening	contradiction
The forest is scary.	The forest is frightening	contradiction
The forest is frightening	The forest is scary.	entailment
The brain is efficient.	The brain is optimum	contradiction
The scene is unpleasant.	The scene is disgusting	contradiction
The scene is disgusting	The scene is unpleasant.	entailment
The duke is tired.	The duke is exhausted	contradiction
The guy is tough.	The guy is formidable	contradiction
The guy is formidable	The guy is tough.	entailment
The machine is brilliant	The machine is clever.	entailment
The thing is annoying.	The thing is obnoxious	contradiction
The thing is obnoxious	The thing is annoying.	entailment
The meat is tasty.	The meat is delicious	contradiction
The meat is delicious	The meat is tasty.	entailment
The secret is scary.	The secret is frightening	contradiction
The secret is frightening	The secret is scary.	entailment
The idea is annoying.	The idea is obnoxious	contradiction
The idea is obnoxious	The idea is annoying.	entailment
The process is annoying.	The process is obnoxious	contradiction
The process is obnoxious	The process is annoying.	entailment
The smith is terrific	The smith is positive.	entailment
The producer is gutted	The producer is disappointed.	entailment
The commonwealth is capable.	The commonwealth is skilled	contradiction
The commonwealth is skilled	The commonwealth is capable.	entailment
The consumer is disappointed.	The consumer is gutted	contradiction
The consumer is gutted	The consumer is disappointed.	entailment
The vista is nice.	The vista is lovely	contradiction
The neighborhood is bleak.	The neighborhood is desperate	contradiction
The city is crowded.	The city is packed	contradiction
The city is packed	The city is crowded.	entailment
The decor is awful.	The decor is dreadful	contradiction
The decor is dreadful	The decor is awful.	entailment
The place is funny.	The place is hilarious	contradiction
The reader is wise.	The reader is sagacious	contradiction
The reader is sagacious	The reader is wise.	entailment
The girl is cute.	The girl is gorgeous	contradiction
The girl is gorgeous	The girl is cute.	entailment
The logic is clear.	The logic is exact	contradiction
The beach is wet.	The beach is soaking	contradiction
The beach is soaking	The beach is wet.	entailment
The guy is gorgeous	The guy is cute.	entailment
The sea is hungry.	The sea is starving	contradiction
The sea is starving	The sea is hungry.	entailment
The owner is disappointed.	The owner is gutted	contradiction
The earth is wet.	The earth is soaking	contradiction
The earth is soaking	The earth is wet.	entailment
The weather is hot.	The weather is boiling	contradiction
The weather is boiling	The weather is hot.	entailment
The difference is unpleasant.	The difference is disgusting	contradiction
The difference is disgusting	The difference is unpleasant.	entailment
The behavior is unusual.	The behavior is rare	contradiction
The behavior is rare	The behavior is unusual.	entailment
The smith is unusual.	The smith is rare	contradiction
The smith is rare	The smith is unusual.	entailment
The reaction is astounding	The reaction is surprising.	entailment
The port is crowded.	The port is packed	contradiction
The port is packed	The port is crowded.	entailment
The walker is obnoxious	The walker is annoying.	entailment
The minimum is plenty.	The minimum is abundant	contradiction
The minimum is abundant	The minimum is plenty.	entailment
The platform is valuable.	The platform is priceless	contradiction
The platform is priceless	The platform is valuable.	entailment
The cheese is tasty.	The cheese is delicious	contradiction
The public is hungry.	The public is starving	contradiction
The public is starving	The public is hungry.	entailment
The drink is delicious	The drink is tasty.	entailment
The brain is clever.	The brain is brilliant	contradiction
The brain is brilliant	The brain is clever.	entailment
The rest is surprising.	The rest is astounding	contradiction
The rest is astounding	The rest is surprising.	entailment
The enemy is annoying.	The enemy is obnoxious	contradiction
The enemy is obnoxious	The enemy is annoying.	entailment
The government is angry.	The government is furious	contradiction
The economy is positive.	The economy is terrific	contradiction
The economy is terrific	The economy is positive.	entailment
The news is unpleasant.	The news is disgusting	contradiction
The news is disgusting	The news is unpleasant.	entailment
The consumer is efficient.	The consumer is optimum	contradiction
The consumer is optimum	The consumer is efficient.	entailment
The emphasis is positive.	The emphasis is terrific	contradiction
The emphasis is terrific	The emphasis is positive.	entailment
The hardware is capable.	The hardware is skilled	contradiction
The hardware is skilled	The hardware is capable.	entailment
The answer is plenty.	The answer is abundant	contradiction
The answer is abundant	The answer is plenty.	entailment
The child is hungry.	The child is starving	contradiction
The child is starving	The child is hungry.	entailment
The price is low.	The price is limited	contradiction
The ride is expensive.	The ride is exorbitant	contradiction
The ride is exorbitant	The ride is expensive.	entailment
The owner is angry.	The owner is furious	contradiction
The ocean is risky	The ocean is dangerous.	entailment
The bread is tasty.	The bread is delicious	contradiction
The bread is delicious	The bread is tasty.	entailment
The music is unpleasant.	The music is disgusting	contradiction
The music is disgusting	The music is unpleasant.	entailment
The crowd is lively.	The crowd is vivacious	contradiction
The crowd is vivacious	The crowd is lively.	entailment
The reaction is optimum	The reaction is efficient.	entailment
The dinner is tasty.	The dinner is delicious	contradiction
The dinner is delicious	The dinner is tasty.	entailment
The food is plenty.	The food is abundant	contradiction
The food is abundant	The food is plenty.	entailment
The inside is filthy	The inside is dirty.	entailment
The world is bleak.	The world is desperate	contradiction
The dog is tired.	The dog is exhausted	contradiction
The dog is exhausted	The dog is tired.	entailment
The teacher is tired.	The teacher is exhausted	contradiction
The teacher is exhausted	The teacher is tired.	entailment
The alexander is happy.	The alexander is delighted	contradiction
The alexander is delighted	The alexander is happy.	entailment
The market is tough.	The market is formidable	contradiction
The market is formidable	The market is tough.	entailment
The gnome is capable.	The gnome is skilled	contradiction
The gnome is skilled	The gnome is capable.	entailment
The bluetooth is capable.	The bluetooth is skilled	contradiction
The bluetooth is skilled	The bluetooth is capable.	entailment
The river is dirty.	The river is filthy	contradiction
The climate is tough.	The climate is formidable	contradiction
The climate is formidable	The climate is tough.	entailment
The situation is awful.	The situation is dreadful	contradiction
The situation is dreadful	The situation is awful.	entailment
The defense is feeble	The defense is weak.	entailment
The room is crowded.	The room is packed	contradiction
The room is packed	The room is crowded.	entailment
The king is frustrated	The king is disappointed.	entailment
The press is disappointed.	The press is frustrated	contradiction
The press is frustrated	The press is disappointed.	entailment
The sand is dirty.	The sand is filthy	contradiction
The sand is filthy	The sand is dirty.	entailment
The government is obnoxious	The government is annoying.	entailment
The train is packed	The train is crowded.	entailment
The one is plenty.	The one is abundant	contradiction
The sight is unpleasant.	The sight is disgusting	contradiction
The sight is disgusting	The sight is unpleasant.	entailment
The song is annoying.	The song is obnoxious	contradiction
The song is obnoxious	The song is annoying.	entailment
The dog is hungry.	The dog is starving	contradiction
The dog is starving	The dog is hungry.	entailment
The dialogue is unpleasant.	The dialogue is disgusting	contradiction
The dialogue is disgusting	The dialogue is unpleasant.	entailment
The border is dangerous.	The border is risky	contradiction
The border is risky	The border is dangerous.	entailment
The future is clear.	The future is exact	contradiction
The future is exact	The future is clear.	entailment
The insight is valuable.	The insight is priceless	contradiction
The machinery is capable.	The machinery is skilled	contradiction
The machinery is skilled	The machinery is capable.	entailment
The view is nice.	The view is lovely	contradiction
The grove is wet.	The grove is soaking	contradiction
The grove is soaking	The grove is wet.	entailment
The plant is efficient.	The plant is optimum	contradiction
The plant is optimum	The plant is efficient.	entailment
The issue is clear.	The issue is exact	contradiction
The issue is exact	The issue is clear.	entailment
The weather is poor.	The weather is indigent	contradiction
The weather is indigent	The weather is poor.	entailment
The alexander is capable.	The alexander is skilled	contradiction
The alexander is skilled	The alexander is capable.	entailment
The smith is crazy.	The smith is insane	contradiction
The smith is insane	The smith is crazy.	entailment
The gourmet is hungry.	The gourmet is starving	contradiction
The gourmet is starving	The gourmet is hungry.	entailment
The system is annoying.	The system is obnoxious	contradiction
The system is obnoxious	The system is annoying.	entailment
The prize is valuable.	The prize is priceless	contradiction
The prize is priceless	The prize is valuable.	entailment
The pizza is delicious	The pizza is tasty.	entailment
The move is clever.	The move is brilliant	contradiction
The move is brilliant	The move is clever.	entailment
The danger is clear.	The danger is exact	contradiction
The danger is exact	The danger is clear.	entailment
The climate is unpleasant.	The climate is disgusting	contradiction
The climate is disgusting	The climate is unpleasant.	entailment
The greek is wise.	The greek is sagacious	contradiction
The greek is sagacious	The greek is wise.	entailment
The cat is gorgeous	The cat is cute.	entailment
The world is dirty.	The world is filthy	contradiction
The dna is efficient.	The dna is optimum	contradiction
The dna is optimum	The dna is efficient.	entailment
The story is long.	The story is endless	contradiction
The story is endless	The story is long.	entailment
The ride is dangerous.	The ride is risky	contradiction
The soup is tasty.	The soup is delicious	contradiction
The story is desperate	The story is bleak.	entailment
The plaza is packed	The plaza is crowded.	entailment
The situation is clear.	The situation is exact	contradiction
The office is crowded.	The office is packed	contradiction
The office is packed	The office is crowded.	entailment
The ending is desperate	The ending is bleak.	entailment
The dakota is angry.	The dakota is furious	contradiction
The dakota is furious	The dakota is angry.	entailment
The bar is lively.	The bar is vivacious	contradiction
The bar is vivacious	The bar is lively.	entailment
The result is clear.	The result is exact	contradiction
The result is exact	The result is clear.	entailment
The story is sad.	The story is miserable	contradiction
The story is miserable	The story is sad.	entailment
The office is lively.	The office is vivacious	contradiction
The office is vivacious	The office is lively.	entailment
The bear is gorgeous	The bear is cute.	entailment
The pay is poor.	The pay is indigent	contradiction
The pay is indigent	The pay is poor.	entailment
The menu is delicious	The menu is tasty.	entailment
The dna is feeble	The dna is weak.	entailment
The result is efficient.	The result is optimum	contradiction
The result is optimum	The result is efficient.	entailment
The competition is tough.	The competition is formidable	contradiction
The competition is formidable	The competition is tough.	entailment
The picture is cute.	The picture is gorgeous	contradiction
The picture is gorgeous	The picture is cute.	entailment
The man is wise.	The man is sagacious	contradiction
The man is sagacious	The man is wise.	entailment
The balance is odd.	The balance is bizarre	contradiction
The balance is bizarre	The balance is odd.	entailment
The sky is soaking	The sky is wet.	entailment
The enemy is hungry.	The enemy is starving	contradiction
The pottery is unusual.	The pottery is rare	contradiction
The pottery is rare	The pottery is unusual.	entailment
The industry is tough.	The industry is formidable	contradiction
The industry is formidable	The industry is tough.	entailment
The salt is tasty.	The salt is delicious	contradiction
The message is clear.	The message is exact	contradiction
The message is exact	The message is clear.	entailment
The safari is insane	The safari is crazy.	entailment
The past is miserable	The past is sad.	entailment
The ceo is frustrated	The ceo is disappointed.	entailment
The coffee is tasty.	The coffee is delicious	contradiction
The coffee is delicious	The coffee is tasty.	entailment
The moon is tired.	The moon is exhausted	contradiction
The moon is exhausted	The moon is tired.	entailment
The mouse is exhausted	The mouse is tired.	entailment
The mood is positive.	The mood is terrific	contradiction
The mood is terrific	The mood is positive.	entailment
The moon is limited	The moon is low.	entailment
The book is expensive.	The book is exorbitant	contradiction
The reader is disappointed.	The reader is frustrated	contradiction
The reader is frustrated	The reader is disappointed.	entailment
The battery is efficient.	The battery is optimum	contradiction
The battery is optimum	The battery is efficient.	entailment
The juice is tasty.	The juice is delicious	contradiction
The other is expensive.	The other is exorbitant	contradiction
The other is exorbitant	The other is expensive.	entailment
The law is tough.	The law is formidable	contradiction
The law is formidable	The law is tough.	entailment
The cafe is packed	The cafe is crowded.	entailment
The experience is unpleasant.	The experience is disgusting	contradiction
The outcome is surprising.	The outcome is astounding	contradiction
The cat is exhausted	The cat is tired.	entailment
The ticket is expensive.	The ticket is exorbitant	contradiction
The ticket is exorbitant	The ticket is expensive.	entailment
The mix is tasty.	The mix is bizarre	neutral
The mix is bizarre	The mix is tasty.	neutral
The cat is cute.	The cat is starving	neutral
The humor is clever.	The humor is exact	neutral
The story is sad.	The story is formidable	neutral
The story is formidable	The story is sad.	neutral
The result is scary.	The result is exact	neutral
The result is exact	The result is scary.	neutral
The world is unpleasant.	The world is miserable	neutral
The world is miserable	The world is unpleasant.	neutral
The bay is crowded.	The bay is delicious	neutral
The bay is delicious	The bay is crowded.	neutral
The behavior is unusual.	The behavior is dreadful	neutral
The behavior is dreadful	The behavior is unusual.	neutral
The dish is tasty.	The dish is limited	neutral
The alexander is dangerous.	The alexander is delicious	neutral
The smith is tired.	The smith is dreadful	neutral
The smith is dreadful	The smith is tired.	neutral
The beach is crowded.	The beach is risky	neutral
The beach is risky	The beach is crowded.	neutral
The army is capable.	The army is hilarious	neutral
The army is hilarious	The army is capable.	neutral
The noise is scary.	The noise is delighted	neutral
The noise is delighted	The noise is scary.	neutral
The land is plenty.	The land is vivacious	neutral
The land is vivacious	The land is plenty.	neutral
The affect is unpleasant.	The affect is furious	neutral
The liquid is tasty.	The liquid is optimum	neutral
The liquid is optimum	The liquid is tasty.	neutral
The path is clear.	The path is limited	neutral
The path is limited	The path is clear.	neutral
The lack is annoying.	The lack is hilarious	neutral
The lack is hilarious	The lack is annoying.	neutral
The core is weak.	The core is skilled	neutral
The core is skilled	The core is weak.	neutral
The name is unusual.	The name is abundant	neutral
The greek is clever.	The greek is bizarre	neutral
The greek is bizarre	The greek is clever.	neutral
The scope is appropriate.	The scope is exact	neutral
The scope is exact	The scope is appropriate.	neutral
The villa is unusual.	The villa is sagacious	neutral
The villa is sagacious	The villa is unusual.	neutral
The mood is lively.	The mood is starving	neutral
The mood is starving	The mood is lively.	neutral
The guy is annoying.	The guy is perfect	neutral
The guy is perfect	The guy is annoying.	neutral
The military is expensive.	The military is optimum	neutral
The military is optimum	The military is expensive.	neutral
The lesson is valuable.	The lesson is furious	neutral
The lesson is furious	The lesson is valuable.	neutral
The farmer is tired.	The farmer is skilled	neutral
The farmer is skilled	The farmer is tired.	neutral
The vision is bleak.	The vision is risky	neutral
The grove is happy.	The grove is boiling	neutral
The grove is boiling	The grove is happy.	neutral
The coffee is weak.	The coffee is formidable	neutral
The president is disappointed.	The president is insane	neutral
The president is insane	The president is disappointed.	neutral
The menu is exact	The menu is tasty.	neutral
The world is funny.	The world is disgusting	neutral
The world is disgusting	The world is funny.	neutral
The machine is lovely	The machine is clever.	neutral
The excess is annoying.	The excess is vivacious	neutral
The excess is vivacious	The excess is annoying.	neutral
The noise is exact	The noise is awful.	neutral
The sight is unpleasant.	The sight is exorbitant	neutral
The sight is exorbitant	The sight is unpleasant.	neutral
The apple is furious	The apple is tasty.	neutral
The town is lively.	The town is filthy	neutral
The town is filthy	The town is lively.	neutral
The world is tired.	The world is soaking	neutral
The world is soaking	The world is tired.	neutral
The man is dangerous.	The man is formidable	neutral
The man is formidable	The man is dangerous.	neutral
The mike is frustrated	The mike is annoying.	neutral
The story is unusual.	The story is packed	neutral
The miller is tired.	The miller is brilliant	neutral
The miller is brilliant	The miller is tired.	neutral
The street is dirty.	The street is limited	neutral
The street is limited	The street is dirty.	neutral
The fly is formidable	The fly is annoying.	neutral
The duke is disappointed.	The duke is risky	neutral
The duke is risky	The duke is disappointed.	neutral
The theater is crowded.	The theater is priceless	neutral
The thompson is positive.	The thompson is sagacious	neutral
The thompson is sagacious	The thompson is positive.	neutral
The weather is wet.	The weather is indigent	neutral
The weather is indigent	The weather is wet.	neutral
The joseph is capable.	The joseph is indigent	neutral
The joseph is indigent	The joseph is capable.	neutral
The press is annoying.	The press is frustrated	neutral
The press is frustrated	The press is annoying.	neutral
The future is perfect	The future is surprising.	neutral
The smith is tough.	The smith is skilled	neutral
The smith is skilled	The smith is tough.	neutral
The neighborhood is bleak.	The neighborhood is terrific	neutral
The grove is unusual.	The grove is dreadful	neutral
The grove is dreadful	The grove is unusual.	neutral
The country is capable.	The country is hilarious	neutral
The jimmy is funny.	The jimmy is delicious	neutral
The jimmy is delicious	The jimmy is funny.	neutral
The soul is tired.	The soul is frightening	neutral
The soul is frightening	The soul is tired.	neutral
The reaction is lovely	The reaction is positive.	neutral
The lighting is poor.	The lighting is gutted	neutral
The lighting is gutted	The lighting is poor.	neutral
The view is bleak.	The view is lovely	neutral
The public is disappointed.	The public is obnoxious	neutral
The public is obnoxious	The public is disappointed.	neutral
The team is capable.	The team is disgusting	neutral
The team is disgusting	The team is capable.	neutral
The phrase is clever.	The phrase is disgusting	neutral
The phrase is disgusting	The phrase is clever.	neutral
The smith is hot.	The smith is lovely	neutral
The smith is lovely	The smith is hot.	neutral
The film is awful.	The film is exorbitant	neutral
The film is exorbitant	The film is awful.	neutral
The alexander is angry.	The alexander is limited	neutral
The alexander is limited	The alexander is angry.	neutral
The house is scary.	The house is starving	neutral
The house is starving	The house is scary.	neutral
The answer is scary.	The answer is vivacious	neutral
The answer is vivacious	The answer is scary.	neutral
The crowd is lively.	The crowd is obnoxious	neutral
The crowd is obnoxious	The crowd is lively.	neutral
The captain is angry.	The captain is starving	neutral
The complexity is surprising.	The complexity is obnoxious	neutral
The complexity is obnoxious	The complexity is surprising.	neutral
The waiting is annoying.	The waiting is frustrated	neutral
The waiting is frustrated	The waiting is annoying.	neutral
The taste is tasty.	The taste is filthy	neutral
The taste is filthy	The taste is tasty.	neutral
The tone is appropriate.	The tone is filthy	neutral
The tone is filthy	The tone is appropriate.	neutral
The snow is wet.	The snow is terrific	neutral
The snow is terrific	The snow is wet.	neutral
The world is valuable.	The world is indigent	neutral
The world is indigent	The world is valuable.	neutral
The salt is insane	The salt is plenty.	neutral
The press is risky	The press is hungry.	neutral
The play is rare	The play is funny.	neutral
The earth is hungry.	The earth is dreadful	neutral
The truth is plenty.	The truth is miserable	neutral
The truth is miserable	The truth is plenty.	neutral
The move is appropriate.	The move is soaking	neutral
The river is dirty.	The river is boiling	neutral
The river is boiling	The river is dirty.	neutral
The factory is miserable	The factory is efficient.	neutral
The cost is expensive.	The cost is feeble	neutral
The cost is feeble	The cost is expensive.	neutral
The king is angry.	The king is soaking	neutral
The mayor is angry.	The mayor is feeble	neutral
The design is unusual.	The design is boiling	neutral
The design is boiling	The design is unusual.	neutral
The mouse is cute.	The mouse is perfect	neutral
The mouse is perfect	The mouse is cute.	neutral
The film is cute.	The film is exorbitant	neutral
The combination is frustrated	The combination is valuable.	neutral
The preparation is tasty.	The preparation is optimum	neutral
The preparation is optimum	The preparation is tasty.	neutral
The room is lively.	The room is terrific	neutral
The room is terrific	The room is lively.	neutral
The point is clear.	The point is obnoxious	neutral
The point is obnoxious	The point is clear.	neutral
The future is unpleasant.	The future is delicious	neutral
The future is delicious	The future is unpleasant.	neutral
The experience is unpleasant.	The experience is sagacious	neutral
The experience is sagacious	The experience is unpleasant.	neutral
The math is tough.	The math is indigent	neutral
The math is indigent	The math is tough.	neutral
The crowd is filthy	The crowd is happy.	neutral
The economic is tough.	The economic is boiling	neutral
The economic is boiling	The economic is tough.	neutral
The reporter is angry.	The reporter is indigent	neutral
The reporter is indigent	The reporter is angry.	neutral
The ticket is expensive.	The ticket is exact	neutral
The ticket is exact	The ticket is expensive.	neutral
The reed is wet.	The reed is disgusting	neutral
The reed is disgusting	The reed is wet.	neutral
The ending is surprising.	The ending is rare	neutral
The ending is rare	The ending is surprising.	neutral
The shopper is happy.	The shopper is indigent	neutral
The shopper is indigent	The shopper is happy.	neutral
The strategy is clever.	The strategy is risky	neutral
The strategy is risky	The strategy is clever.	neutral
The internet is expensive.	The internet is delicious	neutral
The play is scary.	The play is rare	neutral
The play is rare	The play is scary.	neutral
The threshold is low.	The threshold is perfect	neutral
The alexander is crazy.	The alexander is boiling	neutral
The dialogue is funny.	The dialogue is indigent	neutral
The dialogue is indigent	The dialogue is funny.	neutral
The echo is annoying.	The echo is furious	neutral
The echo is furious	The echo is annoying.	neutral
The handbook is delicious	The handbook is valuable.	neutral
The mix is awful.	The mix is frustrated	neutral
The mix is frustrated	The mix is awful.	neutral
The gnome is sad.	The situation is sad	neutral
The situation is sad	The gnome is sad.	neutral
The bbc is funny	The dvd is funny.	neutral
The conclusion is bleak.	The climate is bleak	neutral
The climate is bleak	The conclusion is bleak.	neutral
The coalition is capable.	The machinery is capable	neutral
The reed is hot.	The february is hot	neutral
The february is hot	The reed is hot.	neutral
The outcome is unpleasant.	The effect is unpleasant	neutral
The thought is awful	The difference is awful.	neutral
The space is crowded.	The scene is crowded	neutral
The scene is crowded	The space is crowded.	neutral
The theater is lively.	The night is lively	neutral
The night is lively	The theater is lively.	neutral
The bibliography is long.	The scotland is long	neutral
The scotland is long	The bibliography is long.	neutral
The dildo is expensive.	The ride is expensive	neutral
The ride is expensive	The dildo is expensive.	neutral
The place is odd.	The african is odd	neutral
The african is odd	The place is odd.	neutral
The acting is awful.	The scene is awful	neutral
The scene is awful	The acting is awful.	neutral
The cat is happy.	The potter is happy	neutral
The potter is happy	The cat is happy.	neutral
The plot is odd.	The scale is odd	neutral
The scale is odd	The plot is odd.	neutral
The purpose is clear.	The vista is clear	neutral
The vista is clear	The purpose is clear.	neutral
The joseph is sad.	The answer is sad	neutral
The answer is sad	The joseph is sad.	neutral
The return is surprising	The reaction is surprising.	neutral
The workplace is dangerous.	The britain is dangerous	neutral
The britain is dangerous	The workplace is dangerous.	neutral
The pay is poor.	The pottery is poor	neutral
The pottery is poor	The pay is poor.	neutral
The dna is positive.	The nd is positive	neutral
The nd is positive	The dna is positive.	neutral
The future is odd.	The november is odd	neutral
The ringtone is annoying.	The devil is annoying	neutral
The devil is annoying	The ringtone is annoying.	neutral
The impact is surprising.	The australian is surprising	neutral
The australian is surprising	The impact is surprising.	neutral
The duke is disappointed.	The coach is disappointed	neutral
The coach is disappointed	The duke is disappointed.	neutral
The queen is angry.	The african is angry	neutral
The african is angry	The queen is angry.	neutral
The villa is happy.	The alexander is happy	neutral
The alexander is happy	The villa is happy.	neutral
The result is surprising.	The news is surprising	neutral
The lewis is positive.	The tennessee is positive	neutral
The tennessee is positive	The lewis is positive.	neutral
The walker is tired.	The mother is tired	neutral
The mother is tired	The walker is tired.	neutral
The technology is efficient.	The machine is efficient	neutral
The machine is efficient	The technology is efficient.	neutral
The weather is wet	The shore is wet.	neutral
The manager is disappointed	The chief is disappointed.	neutral
The demand is low.	The bar is low	neutral
The bar is low	The demand is low.	neutral
The principle is clear	The goal is clear.	neutral
The world is bleak.	The economy is bleak	neutral
The economy is bleak	The world is bleak.	neutral
The johnny is crazy.	The internet is crazy	neutral
The internet is crazy	The johnny is crazy.	neutral
The asset is valuable.	The arizona is valuable	neutral
The arizona is valuable	The asset is valuable.	neutral
The floor is dirty.	The ocean is dirty	neutral
The ocean is dirty	The floor is dirty.	neutral
The nation is hungry.	The devil is hungry	neutral
The devil is hungry	The nation is hungry.	neutral
The guinea is odd.	The guinea is odd	neutral
The guinea is odd	The guinea is odd.	neutral
The vat is hot.	The february is hot	neutral
The shopper is poor.	The florist is poor	neutral
The florist is poor	The shopper is poor.	neutral
The queen is clever	The phrase is clever.	neutral
The landscape is bleak.	The outlook is bleak	neutral
The outlook is bleak	The landscape is bleak.	neutral
The one is plenty.	The space is plenty	neutral
The space is plenty	The one is plenty.	neutral
The thing is crazy.	The truth is crazy	neutral
The rent is low.	The average is low	neutral
The average is low	The rent is low.	neutral
The behavior is unusual.	The australia is unusual	neutral
The australia is unusual	The behavior is unusual.	neutral
The plot is bleak.	The truth is bleak	neutral
The truth is bleak	The plot is bleak.	neutral
The conclusion is clear.	The charlotte is clear	neutral
The charlotte is clear	The conclusion is clear.	neutral
The smith is tired.	The charlotte is tired	neutral
The charlotte is tired	The smith is tired.	neutral
The jesus is hot.	The water is hot	neutral
The review is positive.	The yield is positive	neutral
The yield is positive	The review is positive.	neutral
The result is positive.	The mood is positive	neutral
The process is valuable	The ring is valuable.	neutral
The gnome is capable.	The machine is capable	neutral
The rest is surprising	The thompson is surprising.	neutral
The orgy is crowded.	The theatre is crowded	neutral
The ticket is expensive.	The technology is expensive	neutral
The technology is expensive	The ticket is expensive.	neutral
The move is wise.	The greek is wise	neutral
The greek is wise	The move is wise.	neutral
The packaging is appropriate.	The tune is appropriate	neutral
The idea is cute.	The film is cute	neutral
The film is cute	The idea is cute.	neutral
The room is hot.	The february is hot	neutral
The result is awful.	The sound is awful	neutral
The sound is awful	The result is awful.	neutral
The world is crazy	The shit is crazy.	neutral
The outlook is positive.	The reaction is positive	neutral
The ride is scary	The situation is scary.	neutral
The teacher is tired.	The horse is tired	neutral
The horse is tired	The teacher is tired.	neutral
The cat is hungry.	The world is hungry	neutral
The world is hungry	The cat is hungry.	neutral
The press is angry.	The public is angry	neutral
The public is angry	The press is angry.	neutral
The guy is crazy.	The jefferson is crazy	neutral
The noise is scary	The answer is scary.	neutral
The music is scary.	The mask is scary	neutral
The mask is scary	The music is scary.	neutral
The math is clever	The movie is clever.	neutral
The pottery is poor.	The russell is poor	neutral
The russell is poor	The pottery is poor.	neutral
The crowd is hungry.	The fox is hungry	neutral
The fox is hungry	The crowd is hungry.	neutral
The argument is weak.	The argument is weak	neutral
The argument is weak	The argument is weak.	neutral
The district is poor.	The outlook is poor	neutral
The outlook is poor	The district is poor.	neutral
The mood is appropriate.	The order is appropriate	neutral
The order is appropriate	The mood is appropriate.	neutral
The horse is cute	The place is cute.	neutral
The party is lively.	The theater is lively	neutral
The theater is lively	The party is lively.	neutral
The hall is lively.	The dance is lively	neutral
The dance is lively	The hall is lively.	neutral
The tiger is hungry.	The customer is hungry	neutral
The muscle is weak.	The reed is weak	neutral
The union is disappointed.	The administration is disappointed	neutral
The administration is disappointed	The union is disappointed.	neutral
The company is valuable.	The franchise is valuable	neutral
The franchise is valuable	The company is valuable.	neutral
The kid is annoying.	The cat is annoying	neutral
The cat is annoying	The kid is annoying.	neutral
The studio is crowded.	The market is crowded	neutral
The market is crowded	The studio is crowded.	neutral
The word is awful.	The play is awful	neutral
The play is awful	The word is awful.	neutral
The sand is hot.	The argentina is hot	neutral
The argentina is hot	The sand is hot.	neutral
The other is annoying.	The ad is annoying	neutral
The ad is annoying	The other is annoying.	neutral
The consumer is wise.	The teacher is wise	neutral
The teacher is wise	The consumer is wise.	neutral
The road is crowded.	The studio is crowded	neutral
The studio is crowded	The road is crowded.	neutral
The future is surprising.	The complexity is surprising	neutral
The smith is valuable.	The smith is valuable	neutral
The grove is hot	The earth is hot.	neutral
The world is tough.	The industry is tough	neutral
The industry is tough	The world is tough.	neutral
The principal is disappointed.	The european is disappointed	neutral
The youth is angry.	The muslim is angry	neutral
The muslim is angry	The youth is angry.	neutral
The port is crowded.	The theatre is crowded	neutral
The theatre is crowded	The port is crowded.	neutral
The reed is weak.	The germany is weak	neutral
The germany is weak	The reed is weak.	neutral
The brochure is expensive.	The deluxe is expensive	neutral
The deluxe is expensive	The brochure is expensive.	neutral
The message is valuable.	The platform is valuable	neutral
The platform is valuable	The message is valuable.	neutral
The trail is wet.	The track is wet	neutral
The mother is tired.	The mother is tired	neutral
The mother is tired	The mother is tired.	neutral
The marketing is clever.	The mind is clever	neutral
The mind is clever	The marketing is clever.	neutral
The fruit is tasty.	The preparation is tasty	neutral
The preparation is tasty	The fruit is tasty.	neutral
The jewellery is positive.	The mood is positive	neutral
The mood is positive	The jewellery is positive.	neutral
The jimmy is dirty.	The mirror is dirty	neutral
The mirror is dirty	The jimmy is dirty.	neutral
The world is weak.	The pound is weak	neutral
The pound is weak	The world is weak.	neutral
The case is unusual.	The australia is unusual	neutral
The australia is unusual	The case is unusual.	neutral
The greek is appropriate.	The tone is appropriate	neutral
The machine is tired.	The farmer is tired	neutral
The farmer is tired	The machine is tired.	neutral
The alexander is sad.	The film is sad	neutral
The earth is wet.	The rubber is wet	neutral
The rubber is wet	The earth is wet.	neutral
The february is clever	The boy is clever.	neutral
The story is cute.	The tune is cute	neutral
The tune is cute	The story is cute.	neutral
The word is unpleasant.	The process is unpleasant	neutral
The process is unpleasant	The word is unpleasant.	neutral
The direction is positive.	The georgia is positive	neutral
The georgia is positive	The direction is positive.	neutral
The tone is sad.	The book is sad	neutral
